{
  "rf": {
    "precision": 0.880686575495395,
    "recall": 0.5570167696381289,
    "f1": 0.6824178200692042
  },
  "ensemble_weights": {
    "lstm": 0.33,
    "gru": 0.33,
    "rf": 0.34
  }
}