{
  "lstm": {
    "precision": 0.8655300426234016,
    "recall": 0.5556045895851721,
    "f1": 0.6767725635650164
  },
  "gru": {
    "precision": 0.8877946881527902,
    "recall": 0.5251544571932921,
    "f1": 0.6599378881987578
  },
  "rf": {
    "precision": 0.8809324399776661,
    "recall": 0.5570167696381289,
    "f1": 0.6824916189034281
  },
  "ensemble_weights": {
    "lstm": 0.33,
    "gru": 0.33,
    "rf": 0.34
  }
}